group,feature_count,mean_importance,mean_ic,target_payoff,helpful_count
Accounting,11,0.394117860938965,0.0028098881639010954,0.00044120894384284455,5
Price,9,0.272410528944147,-0.021960329593056167,0.0005898600301867243,1
Sellside,8,0.21119967110151935,-0.009872562782210893,-8.760470840787772e-05,2
Conditioning,3,0.09697993519571324,0.030811877904556147,0.0012093732845975694,1
Financials,11,0.02529200381965538,0.0010918513455575563,1.2627854736636357e-05,5
