group,feature_count,mean_importance,mean_ic,target_payoff,helpful_count
Accounting,19,0.43078548264606736,0.0050031353684891035,0.0007447224828066395,10
Sellside,12,0.21550166457362355,-0.004415091268251959,-6.32884125452286e-05,4
Price,10,0.20915240087426804,-0.019631421936485052,0.0002898581768059639,1
Conditioning,6,0.12508734327386054,-0.0006478867547938924,-2.7773977190044048e-05,1
Financials,11,0.019473108632180512,0.0003968653178687526,2.298183970369112e-05,6
