group,feature_count,mean_importance,mean_ic,target_payoff,helpful_count
Accounting,19,0.470098762980228,0.000575547908045821,0.000572962367084842,8
Price,10,0.20877302949685075,-0.02048878846701561,0.0005692300181579019,1
Sellside,12,0.18206944621268978,-0.0067771199941299995,-4.967593341480035e-05,4
Conditioning,6,0.11880572205361357,0.010649203185754092,0.00021412033288985234,1
Financials,11,0.020253039256617894,0.000838030014689159,1.30498637567276e-05,5
