group,feature_count,mean_importance,mean_ic,target_payoff,helpful_count
Accounting,11,0.38486279249177163,0.0048249585449070785,0.00035972501416050987,5
Price,9,0.27410536442270367,-0.023152345138866177,0.00044354329366170023,1
Sellside,8,0.21306231415040913,-0.006687293856857186,6.451620620255817e-05,2
Conditioning,3,0.10114319840319455,0.029471312745725533,0.001171237574932407,1
Financials,11,0.026826330531921058,0.0014206033339465832,0.00010736241837523255,6
