group,feature_count,mean_importance,mean_ic,target_payoff,helpful_count
Accounting,19,0.46446421093197027,0.0005954469924323919,0.0005679355521088744,8
Price,10,0.2119496683076436,-0.02048878846701561,0.0005692302426967247,1
Sellside,12,0.18236025383415105,-0.006779134721926643,-4.968840964102096e-05,4
Conditioning,6,0.12259139671429826,0.010666077021943611,0.00021412040204233195,1
Financials,11,0.018634470211936836,0.0009247540888117684,1.4425556272235665e-05,5
