group,feature_count,mean_importance,mean_ic,target_payoff,helpful_count
Accounting,19,0.4428675444047754,0.004253098946276253,0.0007696124742788416,9
Price,10,0.20377589426669268,-0.018976063274398134,0.0007402406789905658,1
Sellside,12,0.19399173903367314,-0.004096425600657896,-8.148033720463956e-05,3
Conditioning,6,0.13444646812919483,0.004569074383931686,0.00010526002483668699,1
Financials,11,0.024918354165663945,0.0007396872950682222,3.349267851554004e-05,5
