group,feature_count,mean_importance,mean_ic,target_payoff,helpful_count
Accounting,19,0.4593003608442441,0.0005900100507914907,0.0005794233879997781,8
Price,10,0.21725150615212696,-0.020484673427572313,0.0005690199348453336,1
Sellside,12,0.19162970375564137,-0.006772475162903263,-4.981926000669014e-05,4
Conditioning,6,0.11589232671832454,0.010663552850897057,0.0002140531894753011,1
Financials,11,0.015926102529663023,0.0010341866470571829,1.30361463489218e-05,5
