group,feature_count,mean_importance,mean_ic,target_payoff,helpful_count
Accounting,19,0.4329473716637684,0.004932829226435194,0.0007480846981163021,10
Sellside,12,0.21862875478405785,-0.0044376134801181796,-6.440769683644744e-05,4
Price,10,0.2051662604390933,-0.019627964653021458,0.0002898481642546732,1
Conditioning,6,0.1239749126299248,-0.0006478867547938924,-2.7772991166707755e-05,1
Financials,11,0.01928270048315565,0.00041033626470145067,2.764223245298804e-05,6
