group,feature_count,mean_importance,mean_ic,target_payoff,helpful_count
Accounting,19,0.4380036457549918,0.004175296453179726,0.0007576398512354535,9
Price,10,0.20850913330440685,-0.018753334291957163,0.0007005810358793454,1
Sellside,12,0.19508373439201246,-0.003882237130052077,-6.969563805258859e-05,3
Conditioning,6,0.13527793162799207,0.00444749434622697,9.923842189067818e-05,1
Financials,11,0.023125554920596866,0.0009590344047106535,3.262672373735925e-05,6
